
{
    "region" : "us-west-2",
    "configuration" : "Release",
    "framework"     : "net5.0",
    "self-contained" : false,
    "application"    : "Darby",
    "environment"    : "Darby-env",
    "enable-xray"    : false,
    "enhanced-health-type" : "basic",
    "additional-options"   : "",
    "solution-stack"       : "64bit Windows Server Core 2019 v2.11.2 running IIS 10.0",
    "environment-type"     : "SingleInstance",
    "loadbalancer-type"    : "application",
    "cname"                : "kyle1-dev",
    "instance-type"        : "t3a.medium",
    "key-pair"             : "password",
    "health-check-url"     : "/",
    "instance-profile"     : "aws-elasticbeanstalk-ec2-role",
    "service-role"         : "aws-elasticbeanstalk-service-role",
    "proxy-server"         : "nginx",
    "app-path"             : "/",
    "iis-website"          : "Default Web Site"
}