
{
    "region" : "us-east-2",
    "configuration" : "Debug",
    "framework"     : "net5.0",
    "self-contained" : false,
    "application"    : "Kyle1",
    "environment"    : "Kyle1-dev",
    "enable-xray"    : false,
    "enhanced-health-type" : "basic",
    "additional-options"   : "\"aws:autoscaling:launchconfiguration,SecurityGroups\"=\"sg-020a5bdc431a8bb8a\";\"aws:ec2:vpc,Subnets\"=\"subnet-06efa192dbdb3aefc\";\"aws:elasticbeanstalk:command,BatchType\"=\"Percentage\";\"aws:elasticbeanstalk:command,BatchSize\"=\"100\"",
    "solution-stack"       : "64bit Windows Server Core 2019 v2.11.2 running IIS 10.0",
    "environment-type"     : "SingleInstance",
    "loadbalancer-type"    : "application",
    "cname"                : "kyle1-dev",
    "instance-type"        : "t3a.medium",
    "key-pair"             : "password",
    "health-check-url"     : "/",
    "instance-profile"     : "aws-elasticbeanstalk-ec2-role",
    "service-role"         : "aws-elasticbeanstalk-service-role",
    "proxy-server"         : "nginx",
    "app-path"             : "/",
    "iis-website"          : "Default Web Site"
}