
{
    "region" : "us-east-1",
    "configuration" : "Debug",
    "framework"     : "net5.0",
    "self-contained" : false,
    "application"    : "TryTwo",
    "environment"    : "TryTwo-dev",
    "enable-xray"    : false,
    "enhanced-health-type" : "basic",
    "additional-options"   : "\"aws:autoscaling:launchconfiguration,SecurityGroups\"=\"sg-027bb9ed1e4b94283\";\"aws:ec2:vpc,Subnets\"=\"subnet-03718447b05849c28\"",
    "solution-stack"       : "64bit Amazon Linux 2 v2.5.2 running .NET Core",
    "environment-type"     : "SingleInstance",
    "loadbalancer-type"    : "application",
    "cname"                : "trytwo-dev",
    "instance-type"        : "t2.small",
    "key-pair"             : "fastapi",
    "health-check-url"     : "/",
    "instance-profile"     : "aws-elasticbeanstalk-ec2-role",
    "service-role"         : "aws-elasticbeanstalk-service-role",
    "proxy-server"         : "nginx"
}