
{
    "region" : "us-east-1",
    "configuration" : "Debug",
    "framework"     : "net5.0",
    "self-contained" : false,
    "application"    : "Please",
    "environment"    : "Please-dev",
    "enable-xray"    : false,
    "enhanced-health-type" : "basic",
    "additional-options"   : "",
    "solution-stack"       : "64bit Amazon Linux 2 v2.5.2 running .NET Core",
    "environment-type"     : "LoadBalanced",
    "loadbalancer-type"    : "application",
    "cname"                : "please-dev",
    "instance-type"        : "t2.small",
    "key-pair"             : "fastapi",
    "health-check-url"     : "/",
    "instance-profile"     : "aws-elasticbeanstalk-ec2-role",
    "service-role"         : "aws-elasticbeanstalk-service-role",
    "proxy-server"         : "nginx"
}